D:\Ufca\CC0051_AM\training_results\v4\10.pth; 10000; 111280; 114932; 122520; 126218; 2511; 27551; 32864; 35699; 39015
10000; 2396.9658203125; 6442.97265625; 5821.2041015625; 2404.015380859375; 5223.6328125; 2355.36572265625; 9311.7568359375; 8771.7060546875; 2565.841552734375; 3188.653564453125
111280; 7187.18310546875; 924.1094970703125; 3725.93212890625; 5335.70947265625; 2780.76123046875; 6244.94140625; 5226.39306640625; 5242.7587890625; 7803.5791015625; 7436.61083984375
114932; 6314.67041015625; 3994.82568359375; 1382.590087890625; 4224.0234375; 3403.176025390625; 5235.49658203125; 5581.61474609375; 5555.12890625; 6591.0771484375; 6191.6689453125
122520; 5391.86474609375; 4162.6162109375; 3075.496826171875; 2199.18115234375; 3017.43408203125; 3408.841796875; 6444.20947265625; 6500.92724609375; 5360.85986328125; 4903.66357421875
126218; 13581.013671875; 6960.7001953125; 7047.2138671875; 11279.626953125; 8264.2265625; 12413.5263671875; 4960.96484375; 6473.5654296875; 14140.6240234375; 13353.80859375
2511; 4297.880859375; 5339.8837890625; 4577.93212890625; 1601.0113525390625; 3615.14306640625; 1772.6715087890625; 7922.02392578125; 7585.9501953125; 3899.183837890625; 3993.96435546875
27551; 9210.82421875; 3605.362060546875; 3753.437255859375; 6529.35107421875; 3726.31884765625; 7256.513671875; 2412.714599609375; 4890.9267578125; 9271.220703125; 8590.736328125
32864; 13125.068359375; 7889.70654296875; 8112.48681640625; 11964.2177734375; 7818.4404296875; 12614.6103515625; 7236.359375; 3874.512451171875; 13762.1181640625; 14294.4482421875
35699; 5756.92724609375; 5319.78125; 4679.48779296875; 5286.39404296875; 3208.56396484375; 5434.67138671875; 7521.77587890625; 5299.3642578125; 6070.5234375; 7226.87158203125
39015; 3402.810546875; 6533.9716796875; 5558.2607421875; 2002.5484619140625; 5620.5830078125; 2405.943603515625; 8958.0068359375; 9324.5478515625; 3276.478271484375; 1688.277099609375
================================================
D:\Ufca\CC0051_AM\training_results\v4\20.pth; 10000; 111280; 114932; 122520; 126218; 2511; 27551; 32864; 35699; 39015
10000; 6122.77734375; 7984.58251953125; 11696.14453125; 4268.3154296875; 3633.031005859375; 4742.759765625; 21873.9140625; 20601.544921875; 6694.6044921875; 7877.54638671875
111280; 10955.3447265625; 2495.9970703125; 9963.34765625; 6879.03759765625; 5789.94921875; 8825.271484375; 18523.970703125; 17799.58984375; 11891.95703125; 11785.345703125
114932; 10732.6279296875; 7956.39111328125; 6965.9755859375; 5719.009765625; 7515.44482421875; 7941.8017578125; 18155.421875; 18197.453125; 10861.5576171875; 9978.578125
122520; 11523.8310546875; 5385.1337890625; 7088.6640625; 5031.5322265625; 6167.84228515625; 7712.51416015625; 17041.361328125; 17058.658203125; 11669.8271484375; 10911.2861328125
126218; 25339.1640625; 14558.7138671875; 10029.021484375; 19520.75; 20090.896484375; 22290.798828125; 8558.6123046875; 12227.96484375; 25970.109375; 24500.72265625
2511; 6212.45703125; 10088.333984375; 13653.1875; 3108.73486328125; 4047.462646484375; 1185.1890869140625; 23781.4609375; 23194.17578125; 5373.55517578125; 5756.9140625
27551; 18584.45703125; 8641.0966796875; 6417.798828125; 12654.6005859375; 12383.6455078125; 14448.33203125; 9995.18359375; 12700.3291015625; 18442.404296875; 17458.177734375
32864; 29433.798828125; 20145.8828125; 17038.82421875; 26158.59765625; 24182.08203125; 27805.275390625; 13543.9736328125; 5849.52392578125; 30383.130859375; 31547.36328125
35699; 13547.197265625; 9251.5283203125; 9889.2939453125; 11736.669921875; 8745.6201171875; 12283.16015625; 17474.107421875; 13568.7939453125; 14186.1416015625; 16305.3447265625
39015; 7246.26123046875; 9624.962890625; 12061.12109375; 3025.515869140625; 6023.2119140625; 4111.31884765625; 22354.728515625; 22683.298828125; 6864.2255859375; 4680.5517578125
================================================
D:\Ufca\CC0051_AM\training_results\v4\30.pth; 10000; 111280; 114932; 122520; 126218; 2511; 27551; 32864; 35699; 39015
10000; 4219.57958984375; 11569.82421875; 12828.6982421875; 3342.41748046875; 7961.37939453125; 2668.502197265625; 21732.58203125; 22926.28515625; 5797.2861328125; 6405.09423828125
111280; 13127.40625; 2345.024658203125; 6000.9716796875; 8302.9765625; 3622.56640625; 9682.263671875; 13418.70703125; 14976.5263671875; 14948.7294921875; 14269.470703125
114932; 11885.73828125; 5947.37744140625; 5030.45556640625; 6563.34375; 4758.9404296875; 8022.18017578125; 14327.365234375; 16412.666015625; 13274.490234375; 12299.033203125
122520; 11078.8837890625; 5672.84619140625; 6264.63330078125; 5233.55908203125; 3579.60888671875; 6773.95947265625; 15062.2666015625; 17014.16015625; 12444.650390625; 11531.546875
126218; 26596.548828125; 12223.1806640625; 10665.0341796875; 21039.759765625; 16061.5419921875; 22675.919921875; 5332.2197265625; 9533.8427734375; 28204.099609375; 26774.82421875
2511; 7112.7236328125; 9464.7607421875; 10464.2490234375; 2236.466796875; 5672.26953125; 2477.638671875; 19310.43359375; 20761.818359375; 8204.10546875; 8045.60498046875
27551; 19631.810546875; 6129.4921875; 4768.55908203125; 14087.1630859375; 8746.5185546875; 15336.0595703125; 6347.2021484375; 10061.7802734375; 21025.072265625; 19947.388671875
32864; 32401.57421875; 19138.455078125; 18273.740234375; 28287.052734375; 21457.990234375; 29232.76171875; 12520.3857421875; 6713.7705078125; 34251.2890625; 34452.09375
35699; 13626.474609375; 7296.998046875; 7838.921875; 10596.2890625; 4589.90673828125; 10904.1279296875; 14627.044921875; 13668.869140625; 15337.77734375; 16278.974609375
39015; 5906.73291015625; 11910.1494140625; 12610.517578125; 2557.29541015625; 9081.9453125; 3167.415283203125; 21489.7421875; 23718.240234375; 6611.0263671875; 4615.9248046875
================================================
D:\Ufca\CC0051_AM\training_results\v4\40.pth; 10000; 111280; 114932; 122520; 126218; 2511; 27551; 32864; 35699; 39015
10000; 6140.2958984375; 10576.8125; 12879.955078125; 4724.8818359375; 7860.93603515625; 3926.336669921875; 23470.52734375; 27673.30078125; 6303.13671875; 10007.7451171875
111280; 13589.40234375; 2625.8525390625; 7782.2509765625; 9805.2353515625; 4485.26123046875; 10127.9873046875; 16784.06640625; 21659.44921875; 14152.2939453125; 16180.0185546875
114932; 12132.6220703125; 7263.3671875; 6823.99755859375; 7601.35693359375; 6282.79736328125; 8153.56640625; 18038.275390625; 23446.21484375; 12123.4619140625; 13820.8291015625
122520; 11315.0654296875; 6885.16015625; 8347.8388671875; 5815.783203125; 5417.2412109375; 6440.0390625; 18876.359375; 24333.27734375; 11151.849609375; 12781.6845703125
126218; 26911.171875; 12723.44140625; 10207.21875; 21907.75; 15832.140625; 22749.283203125; 8394.421875; 15795.7568359375; 27246.52734375; 27960.646484375
2511; 8000.67724609375; 10002.12890625; 11951.7333984375; 3492.657958984375; 7096.2724609375; 2588.202880859375; 22434.6796875; 27276.884765625; 7443.70458984375; 10041.0556640625
27551; 22677.830078125; 8621.2705078125; 6844.9892578125; 17787.978515625; 10330.8359375; 17751.416015625; 7192.3427734375; 15098.6494140625; 22503.205078125; 24025.21484375
32864; 39771.07421875; 26747.396484375; 24576.7421875; 37188.3046875; 27648.734375; 36808.0078125; 17938.154296875; 8039.3603515625; 40253.01953125; 43854.87890625
35699; 18305.31640625; 9865.080078125; 9317.6318359375; 16620.72265625; 7596.92822265625; 15698.896484375; 15450.9521484375; 15644.4892578125; 18571.34765625; 22881.228515625
39015; 6734.86376953125; 13126.2421875; 14969.8017578125; 2900.48779296875; 11473.0390625; 4095.337890625; 25432.8046875; 31221.958984375; 6281.8076171875; 5521.31982421875
================================================
D:\Ufca\CC0051_AM\training_results\v4\50.pth; 10000; 111280; 114932; 122520; 126218; 2511; 27551; 32864; 35699; 39015
10000; 9581.1796875; 11988.6123046875; 16830.77734375; 9733.64453125; 8497.9462890625; 7130.0576171875; 37639.4296875; 40143.83984375; 9896.2685546875; 15908.5537109375
111280; 16868.927734375; 4116.47265625; 11693.3955078125; 15605.34765625; 5004.0703125; 13562.0234375; 31016.103515625; 34273.26953125; 17632.888671875; 21947.83203125
114932; 13662.6123046875; 10389.244140625; 12940.044921875; 11574.6240234375; 8245.025390625; 9660.34765625; 34395.59375; 37980.95703125; 13532.2958984375; 17631.802734375
122520; 11216.9169921875; 12107.9208984375; 16639.5390625; 7536.13330078125; 9556.583984375; 5829.654296875; 37532.1171875; 41211.53515625; 10752.2080078125; 14345.5908203125
126218; 38767.51953125; 19460.66015625; 14694.5595703125; 36564.140625; 23042.787109375; 34676.03515625; 12496.3828125; 19126.005859375; 39202.1015625; 42620.8359375
2511; 7815.99267578125; 16294.3291015625; 21013.296875; 4354.2431640625; 12868.2333984375; 1491.8592529296875; 41874.0546875; 45143.8828125; 6546.375; 10906.7451171875
27551; 33105.76171875; 13815.2841796875; 9792.3623046875; 30847.71484375; 16291.7412109375; 28216.681640625; 14447.5830078125; 20675.27734375; 32958.578125; 37026.7578125
32864; 59427.02734375; 41515.6640625; 36701.31640625; 59528.83203125; 43380.6953125; 56658.8046875; 21068.271484375; 11814.0751953125; 60070.07421875; 66010.0859375
35699; 27728.517578125; 13381.6669921875; 10794.5869140625; 28319.81640625; 12623.2587890625; 25186.416015625; 22748.78515625; 22120.94921875; 28140.98046875; 34629.30859375
39015; 7404.62548828125; 19928.849609375; 24565.095703125; 3126.11181640625; 17382.96875; 5607.28173828125; 45445.125; 49332.90234375; 6445.69873046875; 5870.3408203125
================================================
D:\Ufca\CC0051_AM\training_results\v4\60.pth; 10000; 111280; 114932; 122520; 126218; 2511; 27551; 32864; 35699; 39015
10000; 5225.10791015625; 6327.23193359375; 12295.6796875; 8519.4912109375; 2243.86572265625; 4698.5703125; 26977.50390625; 27573.26171875; 6692.28271484375; 9337.2021484375
111280; 8014.7939453125; 3172.421142578125; 10717.9638671875; 10472.0400390625; 3605.81884765625; 6963.11962890625; 24827.25; 25798.083984375; 9632.984375; 11218.0029296875
114932; 6504.99853515625; 6864.482421875; 11561.5615234375; 8401.6650390625; 4345.65625; 5040.7392578125; 26632.173828125; 27793.11328125; 7278.53271484375; 8799.330078125
122520; 4933.611328125; 8608.87109375; 14737.33203125; 4982.51904296875; 4027.763916015625; 2107.602783203125; 29475.076171875; 30710.90625; 5009.91748046875; 5848.8486328125
126218; 24006.18359375; 14014.251953125; 8171.58740234375; 26309.0234375; 19487.138671875; 22662.4140625; 9992.5498046875; 12606.4599609375; 25475.4375; 26720.4609375
2511; 4158.2392578125; 11634.9697265625; 17936.669921875; 2568.960205078125; 6058.34814453125; 2451.487060546875; 32667.5078125; 33679.14453125; 2829.562744140625; 3938.000732421875
27551; 17913.251953125; 7983.79541015625; 4763.32861328125; 19832.060546875; 12943.3623046875; 15838.4296875; 14770.044921875; 17267.935546875; 18917.6015625; 20249.76953125
32864; 37301.60546875; 28340.419921875; 22387.818359375; 41013.80859375; 33119.83203125; 36879.76171875; 12464.6865234375; 6385.9091796875; 39093.4296875; 41694.078125
35699; 16096.7470703125; 9003.9384765625; 6960.0341796875; 20002.072265625; 12092.9296875; 15838.5166015625; 17811.0859375; 16729.40625; 17763.9453125; 20755.24609375
39015; 4834.0625; 11212.4912109375; 17232.048828125; 2974.06689453125; 6463.2392578125; 3157.40966796875; 31966.197265625; 33351.2265625; 3920.540771484375; 2956.704345703125
================================================
D:\Ufca\CC0051_AM\training_results\v4\70.pth; 10000; 111280; 114932; 122520; 126218; 2511; 27551; 32864; 35699; 39015
10000; 1446.1954345703125; 3571.74462890625; 3561.477294921875; 2192.3505859375; 1134.2650146484375; 1457.1170654296875; 8676.1865234375; 7048.853515625; 2118.007080078125; 2426.0244140625
111280; 3565.942138671875; 1312.4500732421875; 2556.684814453125; 3700.3349609375; 2095.51318359375; 3126.51708984375; 6857.283203125; 5589.28271484375; 4299.650390625; 3780.55419921875
114932; 2095.370361328125; 4021.950439453125; 3399.893310546875; 1757.3646240234375; 1955.947998046875; 1455.2584228515625; 8832.4091796875; 7599.82861328125; 2176.09765625; 1567.5711669921875
122520; 1977.865234375; 4084.563720703125; 3971.00927734375; 871.4290161132812; 1508.5101318359375; 811.086669921875; 9196.2431640625; 7958.99609375; 1967.0040283203125; 1189.7314453125
126218; 9209.3623046875; 4899.1787109375; 4895.232421875; 9164.41796875; 7773.87109375; 8616.9951171875; 2481.203369140625; 3779.139404296875; 9839.3662109375; 9039.564453125
2511; 1771.563232421875; 5289.98681640625; 5228.197265625; 887.0101318359375; 2228.697998046875; 1192.4742431640625; 10477.0634765625; 9076.6552734375; 1216.0400390625; 1455.3551025390625
27551; 6385.6884765625; 2362.25146484375; 2394.173095703125; 6316.52392578125; 4851.45947265625; 5615.2958984375; 3821.865234375; 3612.96240234375; 6883.99365234375; 6215.0869140625
32864; 10536.6748046875; 7013.55078125; 7089.5712890625; 11310.7509765625; 9429.7109375; 10477.294921875; 4337.74169921875; 2759.53125; 11360.0390625; 11371.859375
35699; 4772.611328125; 2963.595703125; 2867.021484375; 5677.94580078125; 3805.2041015625; 4775.5703125; 6080.66162109375; 3775.52001953125; 5521.505859375; 5813.61279296875
39015; 2025.81005859375; 4517.0595703125; 4290.82568359375; 920.2870483398438; 2049.915771484375; 1193.561279296875; 9539.86328125; 8403.572265625; 1859.3543701171875; 476.74993896484375
================================================
D:\Ufca\CC0051_AM\training_results\v4\80.pth; 10000; 111280; 114932; 122520; 126218; 2511; 27551; 32864; 35699; 39015
10000; 1020.5508422851562; 1392.7169189453125; 2017.80908203125; 2146.71484375; 2270.68505859375; 1270.228271484375; 5447.47900390625; 4451.42822265625; 1554.79150390625; 1818.8695068359375
111280; 1400.23876953125; 895.4055786132812; 2637.2001953125; 1627.0535888671875; 1793.107666015625; 1405.8192138671875; 6016.5439453125; 5357.73046875; 1744.1539306640625; 1499.3831787109375
114932; 1788.182861328125; 2397.992919921875; 2920.7158203125; 973.8037109375; 1615.474365234375; 1416.662109375; 6768.3818359375; 6242.06298828125; 1341.8778076171875; 1110.7789306640625
122520; 1627.833984375; 1802.5462646484375; 2658.08984375; 553.294677734375; 1427.91259765625; 826.7567138671875; 6346.30517578125; 5809.6435546875; 1303.2962646484375; 834.4989624023438
126218; 4348.16259765625; 3097.728271484375; 2237.23291015625; 4523.94140625; 5191.35400390625; 4011.426513671875; 3330.3203125; 3824.32080078125; 4763.15478515625; 3628.452392578125
2511; 1954.6553955078125; 2740.962890625; 3748.49365234375; 867.5611572265625; 706.834716796875; 1519.95703125; 7459.357421875; 6764.0693359375; 1243.034912109375; 1846.06103515625
27551; 3032.110107421875; 1917.4822998046875; 1547.2113037109375; 3077.544921875; 3652.621337890625; 2290.82275390625; 3994.90869140625; 4116.2861328125; 3161.275146484375; 2178.85302734375
32864; 5265.37158203125; 4961.95458984375; 4193.9365234375; 6638.95361328125; 6693.505859375; 5651.595703125; 3801.596923828125; 1410.1192626953125; 5974.67578125; 6026.5029296875
35699; 2026.0634765625; 2479.302001953125; 2547.132080078125; 3490.109130859375; 3313.6826171875; 2528.128662109375; 5218.9091796875; 3698.799072265625; 2598.088623046875; 3184.056396484375
39015; 1686.388916015625; 1655.5133056640625; 2285.21533203125; 1100.2061767578125; 1865.15869140625; 997.4578857421875; 5957.3759765625; 5555.8193359375; 1509.775390625; 227.82484436035156
================================================
D:\Ufca\CC0051_AM\training_results\v4\90.pth; 10000; 111280; 114932; 122520; 126218; 2511; 27551; 32864; 35699; 39015
10000; 878.18896484375; 1234.2227783203125; 1769.0616455078125; 2008.6202392578125; 2499.580810546875; 1318.1572265625; 5030.75830078125; 4183.26806640625; 1567.7293701171875; 1542.683349609375
111280; 1221.5538330078125; 902.2725830078125; 2599.481689453125; 1316.34521484375; 1726.497802734375; 1294.8289794921875; 5902.14990234375; 5294.90478515625; 1463.9046630859375; 1385.239990234375
114932; 1732.9752197265625; 2121.859375; 2957.23681640625; 804.9107666015625; 1423.3878173828125; 1314.51953125; 6536.3349609375; 6069.3427734375; 1167.060546875; 1311.6571044921875
122520; 1492.9676513671875; 1409.7584228515625; 2368.787353515625; 607.6891479492188; 1654.914794921875; 655.0824584960938; 5834.23095703125; 5379.63037109375; 1202.8695068359375; 788.154052734375
126218; 3666.4482421875; 2712.6318359375; 1841.650634765625; 3941.022705078125; 4878.9638671875; 3580.067138671875; 3293.673095703125; 3551.181884765625; 4232.19287109375; 2965.689208984375
2511; 2166.143798828125; 2626.726318359375; 3794.343505859375; 1012.2965087890625; 604.1336669921875; 1566.3485107421875; 7271.5703125; 6684.82763671875; 1290.2513427734375; 2118.2548828125
27551; 2392.84765625; 1664.26123046875; 1436.380126953125; 2360.90478515625; 3264.53173828125; 1780.04736328125; 4247.685546875; 4214.85400390625; 2549.495361328125; 1409.4747314453125
32864; 4075.77880859375; 4045.722900390625; 3268.21484375; 5452.85009765625; 5849.41455078125; 4694.39453125; 3568.650634765625; 1571.5006103515625; 4962.50048828125; 4734.13818359375
35699; 1320.1292724609375; 2066.0234375; 2457.3427734375; 2702.97119140625; 2790.950439453125; 2005.1510009765625; 5359.345703125; 4170.42724609375; 1945.391357421875; 2480.02001953125
39015; 1484.9039306640625; 1334.5999755859375; 2026.7684326171875; 1097.826904296875; 2052.671875; 930.2804565429688; 5485.31689453125; 5122.0029296875; 1413.3953857421875; 233.6129913330078
================================================
D:\Ufca\CC0051_AM\training_results\v4\100.pth; 10000; 111280; 114932; 122520; 126218; 2511; 27551; 32864; 35699; 39015
10000; 360.26092529296875; 799.3634033203125; 981.93017578125; 931.0841064453125; 1325.0391845703125; 731.01123046875; 2060.03564453125; 1602.9840087890625; 575.802978515625; 750.1561889648438
111280; 876.51904296875; 390.6854248046875; 1584.4837646484375; 733.5224609375; 872.7362670898438; 890.380126953125; 2667.138671875; 2409.616943359375; 844.5709228515625; 1060.68994140625
114932; 885.7680053710938; 909.381103515625; 1296.4620361328125; 488.50567626953125; 953.0379028320312; 664.0330200195312; 2524.533447265625; 2343.154052734375; 668.92578125; 746.9327392578125
122520; 844.9070434570312; 714.8688354492188; 1193.37841796875; 224.81234741210938; 949.6675415039062; 377.4468994140625; 2340.258544921875; 2157.040771484375; 617.0994873046875; 599.751708984375
126218; 1733.6865234375; 1571.7237548828125; 976.036865234375; 1774.6331787109375; 2415.029541015625; 1788.63818359375; 1460.7869873046875; 1745.8197021484375; 1915.4246826171875; 1233.1748046875
2511; 1236.7618408203125; 1162.174072265625; 1906.2559814453125; 589.2140502929688; 375.7594299316406; 729.3448486328125; 3056.07568359375; 2784.357666015625; 830.1672973632812; 1299.609130859375
27551; 1161.228271484375; 972.2275390625; 1058.447265625; 881.3853149414062; 1454.6787109375; 789.8135986328125; 1905.452880859375; 2004.2677001953125; 1031.071533203125; 566.6497192382812
32864; 1462.3302001953125; 1932.3944091796875; 1420.3768310546875; 2219.351318359375; 2534.5712890625; 1979.4091796875; 1833.34326171875; 817.1660766601562; 1825.8828125; 1831.0406494140625
35699; 628.4322509765625; 1150.222412109375; 1418.319091796875; 1237.985595703125; 1308.938232421875; 1012.573974609375; 2422.125244140625; 1783.0628662109375; 737.6952514648438; 1268.2030029296875
39015; 769.2352905273438; 782.96337890625; 881.2169189453125; 653.2478637695312; 1286.3369140625; 625.539306640625; 2004.0517578125; 1892.20751953125; 729.0694580078125; 172.54254150390625
================================================
D:\Ufca\CC0051_AM\training_results\v4\110.pth; 10000; 111280; 114932; 122520; 126218; 2511; 27551; 32864; 35699; 39015
10000; 340.2950439453125; 644.064208984375; 751.5062866210938; 1007.7075805664062; 1409.6141357421875; 703.932861328125; 1743.9844970703125; 1307.1689453125; 700.5076293945312; 660.537841796875
111280; 674.6755981445312; 379.98797607421875; 1230.206787109375; 722.5868530273438; 1002.0885009765625; 755.9364013671875; 2238.8779296875; 1954.56982421875; 767.6033935546875; 772.3069458007812
114932; 849.3838500976562; 960.200439453125; 1180.9990234375; 443.1597595214844; 871.5712280273438; 580.5125732421875; 2377.810546875; 2149.079833984375; 553.2723388671875; 645.6533813476562
122520; 832.601318359375; 807.8897094726562; 1175.424072265625; 166.0196075439453; 806.24072265625; 364.55523681640625; 2293.0927734375; 2069.568115234375; 549.13818359375; 565.8778076171875
126218; 1550.793212890625; 1335.46875; 929.2588500976562; 1863.68017578125; 2419.211669921875; 1702.419189453125; 1156.1893310546875; 1353.530517578125; 1859.466796875; 1297.1337890625
2511; 1162.765869140625; 1231.416015625; 1674.681640625; 438.3031005859375; 367.3804931640625; 692.869384765625; 2803.299072265625; 2512.54345703125; 706.0476684570312; 1078.205322265625
27551; 963.8547973632812; 807.5596923828125; 939.4186401367188; 768.9302978515625; 1289.5245361328125; 591.7825927734375; 1850.75537109375; 1819.0069580078125; 837.7554321289062; 464.6883239746094
32864; 1302.73486328125; 1592.0552978515625; 1307.334716796875; 2143.99658203125; 2446.4013671875; 1816.693359375; 1576.415283203125; 690.5120849609375; 1758.5235595703125; 1719.6484375
35699; 545.8621215820312; 1019.4324951171875; 1218.6754150390625; 1136.1790771484375; 1252.1455078125; 884.6090087890625; 2194.074951171875; 1616.0953369140625; 662.185546875; 1077.3609619140625
39015; 657.92626953125; 650.6404418945312; 766.2875366210938; 650.63134765625; 1217.1187744140625; 495.4813232421875; 1866.41748046875; 1696.887939453125; 649.6421508789062; 106.40240478515625
================================================
D:\Ufca\CC0051_AM\training_results\v4\120.pth; 10000; 111280; 114932; 122520; 126218; 2511; 27551; 32864; 35699; 39015
10000; 207.3321533203125; 474.6260681152344; 672.6976928710938; 672.7350463867188; 960.4174194335938; 449.1752014160156; 1436.24365234375; 853.4069213867188; 399.1120910644531; 487.7001647949219
111280; 544.78125; 294.93585205078125; 996.9347534179688; 498.9998474121094; 668.7088623046875; 535.05712890625; 1768.3328857421875; 1313.041259765625; 539.2275390625; 707.7493896484375
114932; 672.1194458007812; 697.7525024414062; 904.703369140625; 351.84112548828125; 680.8206176757812; 450.1097412109375; 1822.31396484375; 1412.4373779296875; 443.82403564453125; 671.1760864257812
122520; 673.4053955078125; 592.1583251953125; 950.127685546875; 60.79961013793945; 581.1949462890625; 299.2543029785156; 1799.1832275390625; 1388.8099365234375; 435.1087951660156; 639.3471069335938
126218; 1309.8983154296875; 1180.7015380859375; 757.9154663085938; 1512.7476806640625; 1962.5771484375; 1369.9739990234375; 776.4696044921875; 998.5411376953125; 1479.9111328125; 924.1697387695312
2511; 914.349853515625; 898.2503051757812; 1323.8505859375; 384.525146484375; 275.9496154785156; 585.8616333007812; 2184.748291015625; 1712.348876953125; 613.2301635742188; 1033.936279296875
27551; 727.1490478515625; 558.401611328125; 733.7636108398438; 554.8718872070312; 968.1244506835938; 446.06329345703125; 1430.1243896484375; 1181.5343017578125; 622.3967895507812; 443.97760009765625
32864; 660.5028076171875; 997.6838989257812; 909.6648559570312; 1305.499755859375; 1484.0672607421875; 1063.5111083984375; 1386.8763427734375; 602.5184936523438; 960.990966796875; 981.7122192382812
35699; 455.6267395019531; 762.3781127929688; 1058.1822509765625; 773.2864990234375; 771.2330932617188; 633.2520751953125; 1841.404296875; 1183.8828125; 433.2876281738281; 908.246337890625
39015; 495.574462890625; 461.1593322753906; 522.783935546875; 552.0059814453125; 997.877685546875; 401.3162841796875; 1343.8280029296875; 982.6241455078125; 503.31842041015625; 159.84671020507812
================================================
D:\Ufca\CC0051_AM\training_results\v4\130.pth; 10000; 111280; 114932; 122520; 126218; 2511; 27551; 32864; 35699; 39015
10000; 165.45970153808594; 386.8056945800781; 381.45159912109375; 615.1570434570312; 560.2753295898438; 337.5182189941406; 883.8604736328125; 558.4866333007812; 368.0748291015625; 386.9472351074219
111280; 359.2344055175781; 214.39073181152344; 417.09228515625; 591.849365234375; 566.8690185546875; 398.6632385253906; 878.6349487304688; 695.1892700195312; 494.9963684082031; 359.05615234375
114932; 499.0645751953125; 656.560546875; 488.8968505859375; 273.9873962402344; 382.6973876953125; 314.78045654296875; 1161.4512939453125; 989.9008178710938; 311.09149169921875; 337.2331237792969
122520; 603.260498046875; 736.6511840820312; 641.58251953125; 39.56283187866211; 258.6474609375; 323.50213623046875; 1270.4381103515625; 1099.4637451171875; 360.3177490234375; 443.3399658203125
126218; 1095.844482421875; 775.0271606445312; 814.6287231445312; 1386.7027587890625; 1436.6632080078125; 1148.2989501953125; 466.34747314453125; 774.4808959960938; 1306.1636962890625; 957.949462890625
2511; 575.2279663085938; 764.488525390625; 681.7468872070312; 153.87294006347656; 164.66458129882812; 309.58819580078125; 1309.1798095703125; 1086.4940185546875; 303.693115234375; 507.60833740234375
27551; 561.9370727539062; 400.1254577636719; 346.1240234375; 609.485595703125; 664.4388427734375; 382.9850158691406; 735.3060913085938; 725.2699584960938; 569.6810302734375; 265.2862854003906
32864; 858.66259765625; 864.4866333007812; 934.2265625; 1438.37158203125; 1355.182373046875; 1129.26708984375; 822.2998657226562; 386.50689697265625; 1157.9224853515625; 1101.650634765625
35699; 273.7402648925781; 579.504150390625; 580.3665771484375; 784.2841186523438; 660.231689453125; 530.9432373046875; 1000.3939819335938; 564.7450561523438; 462.4391174316406; 625.4536743164062
39015; 419.61676025390625; 437.5376281738281; 292.6827087402344; 429.9930419921875; 507.5502624511719; 249.9622802734375; 900.55078125; 777.8114624023438; 388.6627197265625; 65.63982391357422
================================================
D:\Ufca\CC0051_AM\training_results\v4\140.pth; 10000; 111280; 114932; 122520; 126218; 2511; 27551; 32864; 35699; 39015
10000; 144.20892333984375; 407.5846862792969; 479.42596435546875; 293.8486022949219; 217.35928344726562; 241.6850128173828; 923.4992065429688; 760.6860961914062; 167.73435974121094; 365.6651611328125
111280; 352.06268310546875; 129.7332763671875; 424.2536926269531; 316.3495788574219; 287.6903076171875; 338.9862976074219; 782.1375732421875; 712.8248901367188; 431.9621887207031; 347.361328125
114932; 341.4070739746094; 384.255859375; 305.89178466796875; 237.188720703125; 334.9106750488281; 253.99562072753906; 812.9573364257812; 766.3734130859375; 326.4661865234375; 213.62547302246094
122520; 375.4100341796875; 297.4964294433594; 330.2807922363281; 117.45919799804688; 257.1319274902344; 164.3015899658203; 755.2780151367188; 719.599853515625; 360.99609375; 177.7750244140625
126218; 930.9974365234375; 609.1585083007812; 531.1825561523438; 776.9911499023438; 851.0947875976562; 792.3023681640625; 473.7941589355469; 690.4871215820312; 983.083984375; 697.97119140625
2511; 292.2524108886719; 397.6620788574219; 443.91156005859375; 153.0123748779297; 162.60609436035156; 113.88326263427734; 890.3609008789062; 788.2230224609375; 228.56866455078125; 280.81292724609375
27551; 625.9330444335938; 370.6201171875; 343.62713623046875; 452.6731262207031; 525.0132446289062; 410.3335266113281; 477.5517578125; 651.3359375; 621.4945678710938; 363.36724853515625
32864; 717.7244262695312; 717.6165161132812; 678.0523681640625; 888.2997436523438; 765.3202514648438; 790.2120971679688; 812.5883178710938; 328.8555908203125; 828.550048828125; 892.3028564453125
35699; 274.436767578125; 555.70458984375; 602.1316528320312; 524.7131958007812; 354.8104248046875; 436.99822998046875; 998.3634643554688; 722.3250122070312; 323.81146240234375; 595.6224975585938
39015; 397.1767883300781; 327.08489990234375; 315.5516357421875; 187.96815490722656; 329.5849914550781; 223.99732971191406; 736.4376831054688; 749.7577514648438; 380.5575866699219; 57.762603759765625
================================================
D:\Ufca\CC0051_AM\training_results\v4\150.pth; 10000; 111280; 114932; 122520; 126218; 2511; 27551; 32864; 35699; 39015
10000; 280.1461181640625; 688.654296875; 979.2975463867188; 879.6597900390625; 605.2477416992188; 629.1231079101562; 1746.5294189453125; 1278.4058837890625; 411.46514892578125; 974.6854858398438
111280; 646.0554809570312; 255.39801025390625; 873.9279174804688; 753.59765625; 646.9718627929688; 629.7489624023438; 1568.717529296875; 1394.38232421875; 691.301513671875; 812.0696411132812
114932; 952.1232299804688; 872.9118041992188; 636.7464599609375; 423.45086669921875; 776.1220703125; 604.56201171875; 1612.196533203125; 1738.2474365234375; 731.87841796875; 421.4271545410156
122520; 936.7239379882812; 690.647216796875; 597.6171875; 206.48182678222656; 644.6983642578125; 371.2124328613281; 1445.514404296875; 1570.4478759765625; 690.9830322265625; 376.4455261230469
126218; 1951.653076171875; 1456.1929931640625; 1075.6861572265625; 1336.499267578125; 1758.1575927734375; 1474.3121337890625; 1166.5697021484375; 1981.591064453125; 1839.684814453125; 1174.3297119140625
2511; 798.215576171875; 782.848388671875; 880.1690673828125; 388.4515075683594; 385.43463134765625; 326.6925964355469; 1730.599609375; 1646.174072265625; 470.93170166015625; 657.79345703125
27551; 1354.74072265625; 899.27197265625; 742.3469848632812; 831.3522338867188; 1127.92333984375; 775.1473999023438; 974.2427978515625; 1596.0635986328125; 1178.063232421875; 644.4102783203125
32864; 1179.4705810546875; 1449.733642578125; 1600.4034423828125; 1871.0950927734375; 1566.5572509765625; 1548.1114501953125; 1911.3798828125; 724.9541015625; 1478.4083251953125; 1914.569580078125
35699; 626.9446411132812; 1096.6060791015625; 1343.49658203125; 1221.001708984375; 758.9327392578125; 972.1474609375; 1991.8052978515625; 1310.5526123046875; 697.2903442382812; 1361.9078369140625
39015; 952.8121948242188; 722.9981079101562; 571.4276123046875; 398.40472412109375; 759.7593383789062; 516.1436767578125; 1388.098876953125; 1607.25439453125; 746.7369995117188; 143.14260864257812
================================================
D:\Ufca\CC0051_AM\training_results\v4\160.pth; 10000; 111280; 114932; 122520; 126218; 2511; 27551; 32864; 35699; 39015
10000; 156.8321990966797; 647.3270263671875; 662.2398681640625; 403.1726379394531; 565.0269165039062; 279.4201965332031; 1145.3704833984375; 880.2265625; 137.6903533935547; 345.3318786621094
111280; 615.8683471679688; 120.5570068359375; 329.71124267578125; 312.8877868652344; 247.80496215820312; 416.595947265625; 693.41943359375; 511.4761047363281; 610.8444213867188; 477.03118896484375
114932; 567.122314453125; 357.90313720703125; 199.10279846191406; 226.11744689941406; 319.5779724121094; 333.87225341796875; 719.57177734375; 561.9877319335938; 532.0166625976562; 348.20477294921875
122520; 631.2962036132812; 272.33856201171875; 208.06961059570312; 167.72543334960938; 233.65664672851562; 325.9391784667969; 648.7665405273438; 500.79766845703125; 578.652099609375; 387.8680114746094
126218; 1326.6480712890625; 698.1881713867188; 639.7606201171875; 894.1419677734375; 787.61376953125; 1056.49267578125; 371.04541015625; 683.4717407226562; 1299.0980224609375; 1052.1131591796875
2511; 409.1313171386719; 447.4344482421875; 427.106201171875; 175.9297637939453; 329.2531433105469; 82.72376251220703; 903.4776000976562; 664.4754028320312; 326.3049621582031; 290.89556884765625
27551; 1005.0472412109375; 402.6014404296875; 365.5982971191406; 582.5369262695312; 464.36932373046875; 711.2546997070312; 252.29522705078125; 441.58349609375; 961.00146484375; 745.10986328125
32864; 979.3468017578125; 628.5676879882812; 633.475341796875; 801.1472778320312; 516.8143310546875; 849.53466796875; 749.2374877929688; 281.5550231933594; 987.7394409179688; 985.8458251953125
35699; 430.5032043457031; 549.3074340820312; 574.9214477539062; 475.129638671875; 372.8355407714844; 408.2450256347656; 987.2918090820312; 596.8347778320312; 431.3758850097656; 572.9251708984375
39015; 438.4883728027344; 473.58544921875; 419.1326599121094; 178.45848083496094; 441.8175964355469; 228.4381866455078; 887.608154296875; 754.0764770507812; 382.6485900878906; 93.77015686035156
================================================
D:\Ufca\CC0051_AM\training_results\v4\170.pth; 10000; 111280; 114932; 122520; 126218; 2511; 27551; 32864; 35699; 39015
10000; 123.2869873046875; 462.36004638671875; 459.4189758300781; 295.14764404296875; 390.7420349121094; 223.39376831054688; 765.1904907226562; 564.5289916992188; 104.78749084472656; 274.1095886230469
111280; 448.4476623535156; 89.8481674194336; 262.8778076171875; 225.90809631347656; 192.920654296875; 290.5735168457031; 469.3753967285156; 358.918212890625; 418.1637268066406; 333.3515625
114932; 413.1428527832031; 281.6895751953125; 129.5966033935547; 180.0164031982422; 238.6403045654297; 232.6770477294922; 477.18865966796875; 361.5066223144531; 355.61383056640625; 244.79383850097656
122520; 450.2400817871094; 209.30096435546875; 163.46034240722656; 108.63046264648438; 171.76974487304688; 211.9019317626953; 433.8829040527344; 329.57763671875; 383.86431884765625; 258.90155029296875
126218; 918.8095092773438; 487.6345520019531; 449.80859375; 601.6144409179688; 552.6124877929688; 703.0037231445312; 323.1940002441406; 523.8909301757812; 869.0313110351562; 692.9198608398438
2511; 319.8111572265625; 308.8199157714844; 273.54107666015625; 125.30094146728516; 205.31658935546875; 67.93844604492188; 574.586181640625; 399.21295166015625; 234.30523681640625; 220.0498504638672
27551; 714.0050659179688; 306.6744689941406; 293.56304931640625; 408.7731628417969; 357.7926940917969; 471.4552917480469; 152.96090698242188; 366.9562683105469; 647.7691650390625; 491.20367431640625
32864; 636.6796264648438; 472.3978576660156; 452.9219055175781; 539.566162109375; 361.08953857421875; 547.959228515625; 589.0205078125; 215.144287109375; 609.29345703125; 657.9425048828125
35699; 322.6148681640625; 421.50799560546875; 415.8587951660156; 361.1581726074219; 278.4659118652344; 308.52105712890625; 677.993408203125; 371.8729553222656; 294.0762939453125; 432.38690185546875
39015; 333.8814392089844; 337.7301330566406; 280.42132568359375; 136.84463500976562; 306.7890625; 169.15872192382812; 567.294921875; 487.57342529296875; 273.50750732421875; 57.40547561645508
================================================
D:\Ufca\CC0051_AM\training_results\v4\180.pth; 10000; 111280; 114932; 122520; 126218; 2511; 27551; 32864; 35699; 39015
10000; 138.599853515625; 561.816162109375; 570.2322998046875; 342.6136779785156; 482.7923278808594; 248.45657348632812; 906.4970092773438; 722.883544921875; 106.20055389404297; 280.99749755859375
111280; 556.8898315429688; 98.44268035888672; 266.3432312011719; 252.44876098632812; 190.7755889892578; 336.3677062988281; 507.34051513671875; 397.7952575683594; 512.1446533203125; 409.2021789550781
114932; 530.9584350585938; 280.75677490234375; 142.0707244873047; 208.55386352539062; 232.82281494140625; 285.10345458984375; 515.5118408203125; 400.1498107910156; 463.79669189453125; 344.560546875
122520; 559.6079711914062; 214.67825317382812; 175.03482055664062; 148.98126220703125; 171.0547637939453; 263.1347961425781; 480.2144775390625; 380.0431823730469; 482.5741882324219; 351.364501953125
126218; 1099.1492919921875; 534.83642578125; 493.83697509765625; 708.3985595703125; 614.5284423828125; 827.1241455078125; 317.5800476074219; 546.0604248046875; 1037.176513671875; 855.95458984375
2511; 392.64990234375; 346.5082092285156; 322.95233154296875; 124.93180084228516; 234.83126831054688; 86.94246673583984; 657.8021240234375; 491.1007080078125; 301.311767578125; 262.00323486328125
27551; 856.90576171875; 310.675537109375; 300.4664611816406; 474.21624755859375; 387.40771484375; 565.9295043945312; 165.61964416503906; 387.1885986328125; 784.6033325195312; 618.055419921875
32864; 844.7589111328125; 514.964111328125; 488.1732177734375; 647.4818725585938; 428.904541015625; 683.157958984375; 602.6858520507812; 223.7429962158203; 807.2437133789062; 818.9947509765625
35699; 399.2496337890625; 445.7447814941406; 444.5511474609375; 371.8277282714844; 297.80560302734375; 326.2447509765625; 746.1227416992188; 455.106201171875; 360.99359130859375; 466.0174560546875
39015; 373.30413818359375; 401.36669921875; 373.54266357421875; 154.88046264648438; 364.2309875488281; 173.33445739746094; 687.9896850585938; 611.3683471679688; 301.30987548828125; 84.13517761230469
================================================
D:\Ufca\CC0051_AM\training_results\v4\190.pth; 10000; 111280; 114932; 122520; 126218; 2511; 27551; 32864; 35699; 39015
10000; 860.41015625; 8489.6962890625; 4980.87255859375; 5927.19580078125; 10252.8486328125; 2420.732666015625; 5281.0009765625; 1374.0032958984375; 1672.0672607421875; 2726.745849609375
111280; 9230.615234375; 584.1387329101562; 4530.3994140625; 3225.31494140625; 2188.3720703125; 6832.47314453125; 6102.0791015625; 7386.94482421875; 7123.9677734375; 7372.82080078125
114932; 8776.0205078125; 1835.8018798828125; 3556.40673828125; 2600.612060546875; 3007.1298828125; 6260.6708984375; 5372.4208984375; 6956.6259765625; 6645.15087890625; 6703.43798828125
122520; 7315.5966796875; 2319.137939453125; 2283.91650390625; 783.6590576171875; 4173.39697265625; 4655.3193359375; 4044.217041015625; 5455.642578125; 5131.98779296875; 5177.1142578125
126218; 12275.8046875; 4066.50146484375; 6941.46923828125; 5938.26806640625; 3894.286376953125; 9654.400390625; 7836.79345703125; 10488.8759765625; 10162.990234375; 9855.615234375
2511; 6708.99853515625; 2859.46435546875; 2155.719482421875; 1005.7063598632812; 4502.2666015625; 4097.94091796875; 4098.89306640625; 4801.62939453125; 4505.76513671875; 4845.7578125
27551; 11083.0966796875; 2919.789306640625; 5811.5087890625; 4774.6005859375; 3367.318115234375; 8327.9560546875; 6458.328125; 9200.2900390625; 8877.3759765625; 8632.12890625
32864; 8603.423828125; 3751.003662109375; 5294.95556640625; 4383.962890625; 3478.816162109375; 6873.32080078125; 7267.1181640625; 6832.47509765625; 6715.015625; 7711.0693359375
35699; 6998.701171875; 3846.433349609375; 4068.374755859375; 3366.0302734375; 4519.619140625; 5199.9794921875; 5808.20263671875; 5142.09765625; 5022.91845703125; 6093.60986328125
39015; 4057.80029296875; 5649.32421875; 1841.4691162109375; 2938.0732421875; 7622.7666015625; 1574.1405029296875; 2370.62451171875; 2525.855224609375; 2162.289306640625; 1559.1236572265625
================================================
D:\Ufca\CC0051_AM\training_results\v4\200.pth; 10000; 111280; 114932; 122520; 126218; 2511; 27551; 32864; 35699; 39015
10000; 1435.8050537109375; 11623.8662109375; 6876.92529296875; 8595.11328125; 12666.814453125; 3974.728271484375; 8822.28125; 2802.636474609375; 2909.23876953125; 5983.23681640625
111280; 11971.4091796875; 1153.518798828125; 7381.6484375; 4779.18701171875; 3252.986083984375; 9591.0302734375; 11454.20703125; 13930.798828125; 9362.3837890625; 8618.4599609375
114932; 11591.552734375; 3936.41748046875; 5525.74267578125; 3883.816162109375; 4529.2275390625; 8820.4130859375; 10315.4501953125; 13482.955078125; 8856.4443359375; 7522.73095703125
122520; 9143.658203125; 4487.61474609375; 3562.73681640625; 224.4659423828125; 6068.13623046875; 5813.486328125; 7961.03271484375; 10743.3447265625; 6273.99267578125; 4908.51220703125
126218; 17808.01953125; 7765.46435546875; 11276.8720703125; 9412.923828125; 8601.87890625; 14715.830078125; 13684.5087890625; 19508.259765625; 15215.5703125; 12618.734375
2511; 8673.79296875; 5021.57763671875; 4267.7080078125; 2347.704833984375; 5611.494140625; 5379.26171875; 8839.2041015625; 10235.849609375; 5537.19677734375; 5596.68310546875
27551; 14440.576171875; 5460.763671875; 8144.294921875; 6421.60205078125; 7108.4267578125; 10770.013671875; 9591.1240234375; 15819.2333984375; 11513.0146484375; 8968.47265625
32864; 9105.5029296875; 8663.9248046875; 8946.2734375; 8146.0068359375; 7227.18603515625; 9029.4658203125; 13523.8447265625; 10851.03515625; 7366.98046875; 10029.1416015625
35699; 8307.6103515625; 7948.65185546875; 7862.11669921875; 7053.37353515625; 6879.291015625; 7546.12158203125; 11931.2646484375; 9816.796875; 6007.55126953125; 8679.41015625
39015; 6616.1669921875; 7223.58984375; 2138.09716796875; 3915.895263671875; 8971.0703125; 3742.742919921875; 5414.201171875; 8101.39794921875; 4411.72412109375; 1354.9931640625
================================================
D:\Ufca\CC0051_AM\training_results\v4\210.pth; 10000; 111280; 114932; 122520; 126218; 2511; 27551; 32864; 35699; 39015
10000; 914.051513671875; 6630.81201171875; 3944.48828125; 4850.484375; 7478.52880859375; 2403.17724609375; 5749.2578125; 887.148681640625; 1396.0394287109375; 3536.655517578125
111280; 6953.0830078125; 785.0452270507812; 4789.41064453125; 2991.950439453125; 2130.46435546875; 5591.517578125; 7075.75634765625; 7048.8701171875; 5635.833984375; 5528.37451171875
114932; 6291.056640625; 2656.042236328125; 3017.86474609375; 2082.01220703125; 3460.7001953125; 4652.619140625; 5750.33056640625; 6409.65478515625; 4930.96484375; 4243.34912109375
122520; 5412.74853515625; 2610.781494140625; 2499.109130859375; 199.00558471679688; 3919.2197265625; 3406.9052734375; 5004.99951171875; 5375.53125; 3938.716796875; 3287.635986328125
126218; 9953.296875; 4651.1533203125; 6328.51953125; 5321.35693359375; 5561.8251953125; 8147.5126953125; 7318.54296875; 10079.8759765625; 8750.8974609375; 7146.78759765625
2511; 5109.8125; 2934.357421875; 2997.414794921875; 1510.7032470703125; 3543.84521484375; 3127.273193359375; 5645.34912109375; 4951.91748046875; 3446.050537109375; 3771.48388671875
27551; 8371.0400390625; 3540.180908203125; 4867.3359375; 3881.44091796875; 4885.31201171875; 6147.91796875; 5316.46240234375; 8300.73046875; 6935.18994140625; 5357.1826171875
32864; 5459.35595703125; 5562.943359375; 6018.0693359375; 5377.34912109375; 4654.8740234375; 5690.72705078125; 8839.3984375; 5463.427734375; 4676.10546875; 6723.41552734375
35699; 4414.25341796875; 5392.73095703125; 5221.1748046875; 4774.20751953125; 4928.17919921875; 4470.04443359375; 7760.12353515625; 4235.55029296875; 3455.663818359375; 5707.53759765625
39015; 3804.035400390625; 4515.80615234375; 1273.712890625; 2441.759521484375; 5940.05908203125; 2123.16650390625; 3370.93212890625; 3884.702392578125; 2788.39990234375; 905.7835693359375
================================================
D:\Ufca\CC0051_AM\training_results\v4\220.pth; 10000; 111280; 114932; 122520; 126218; 2511; 27551; 32864; 35699; 39015
10000; 1273.7581787109375; 14260.9658203125; 8218.341796875; 10621.05859375; 17468.73046875; 4654.80712890625; 10380.787109375; 3522.069091796875; 2336.448974609375; 4780.1650390625
111280; 15007.970703125; 828.8665771484375; 6903.9609375; 4121.86083984375; 4146.6201171875; 9973.470703125; 7191.3076171875; 10645.8427734375; 11877.939453125; 10648.6025390625
114932; 13568.9873046875; 3222.685302734375; 4772.72412109375; 2698.191650390625; 5902.5126953125; 8453.75; 5516.00048828125; 9303.1533203125; 10422.8017578125; 8943.7255859375
122520; 12633.5732421875; 3346.498779296875; 4131.09423828125; 1000.3145751953125; 6607.12548828125; 7333.9111328125; 4878.30078125; 8301.3212890625; 9418.8359375; 7955.78125
126218; 21610.72265625; 7326.3056640625; 12697.3271484375; 10284.5908203125; 6159.7578125; 16382.841796875; 11598.9951171875; 17408.904296875; 18497.36328125; 16632.376953125
2511; 11405.8251953125; 4477.7197265625; 3542.677001953125; 1514.4505615234375; 7464.8310546875; 6094.69140625; 5019.669921875; 6953.91162109375; 8131.49072265625; 7088.1708984375
27551; 19447.74609375; 5236.53515625; 10610.84375; 8195.294921875; 5041.25146484375; 14033.134765625; 9161.12109375; 15156.6796875; 16238.064453125; 14398.04296875
32864; 12320.0732421875; 6214.39697265625; 6659.73291015625; 5452.05322265625; 7411.53173828125; 8378.490234375; 8720.9677734375; 8069.986328125; 9465.52734375; 9601.2060546875
35699; 8954.9697265625; 8008.564453125; 5179.0458984375; 5477.63134765625; 10305.736328125; 5263.00146484375; 7575.70751953125; 4706.85986328125; 6074.9833984375; 6712.8583984375
39015; 6840.46484375; 9071.220703125; 2705.907470703125; 5287.11865234375; 12542.703125; 2110.775390625; 4781.26904296875; 3417.693359375; 3901.502197265625; 1791.8751220703125
================================================
D:\Ufca\CC0051_AM\training_results\v4\230.pth; 10000; 111280; 114932; 122520; 126218; 2511; 27551; 32864; 35699; 39015
10000; 466.1554870605469; 4492.68310546875; 2790.01611328125; 3267.38525390625; 5621.59375; 1655.8624267578125; 3510.21484375; 1630.9053955078125; 634.1820068359375; 1709.4578857421875
111280; 4668.73828125; 389.71038818359375; 2492.1552734375; 1600.4853515625; 1677.192626953125; 3167.40185546875; 2914.380859375; 2914.055419921875; 3926.59912109375; 3685.772705078125
114932; 4278.1220703125; 1637.5015869140625; 1513.109619140625; 1267.2952880859375; 2375.68359375; 2761.16796875; 2331.565673828125; 2665.1259765625; 3533.501220703125; 3122.3525390625
122520; 3993.994384765625; 1263.66845703125; 1522.402587890625; 461.5848693847656; 2401.763427734375; 2315.996826171875; 2071.7978515625; 2302.714111328125; 3193.828857421875; 2790.662353515625
126218; 6349.119140625; 2442.06884765625; 3543.4697265625; 3058.97607421875; 2706.232177734375; 4765.87158203125; 3459.7587890625; 4817.46484375; 5635.0146484375; 4937.38671875
2511; 3744.711181640625; 1570.99951171875; 1608.8740234375; 833.0787353515625; 2431.327880859375; 2020.2772216796875; 2329.516357421875; 1913.832763671875; 2900.830322265625; 2773.456298828125
27551; 6104.056640625; 1985.8487548828125; 3406.11962890625; 2778.70361328125; 2308.962890625; 4343.6318359375; 2999.4345703125; 4429.49365234375; 5295.908203125; 4668.92822265625
32864; 4131.36083984375; 2830.236572265625; 3044.099609375; 2711.093994140625; 2770.28125; 3250.9423828125; 4124.05908203125; 2499.04248046875; 3551.587158203125; 4030.150390625
35699; 2638.85888671875; 3293.6767578125; 2555.123779296875; 2532.667236328125; 3893.02490234375; 2028.384765625; 3552.5234375; 1249.100830078125; 2077.017578125; 2864.341552734375
39015; 2099.459716796875; 3154.500732421875; 1214.77978515625; 1804.08642578125; 4451.228515625; 956.1773071289062; 1768.6475830078125; 1450.3311767578125; 1442.048828125; 598.5582275390625
================================================
D:\Ufca\CC0051_AM\training_results\v4\240.pth; 10000; 111280; 114932; 122520; 126218; 2511; 27551; 32864; 35699; 39015
10000; 626.404541015625; 5800.95458984375; 3554.49853515625; 4216.52392578125; 7010.12548828125; 1983.647216796875; 4637.8017578125; 1962.5447998046875; 762.6134643554688; 1975.4930419921875
111280; 6070.6982421875; 465.59393310546875; 2687.009765625; 1748.5489501953125; 1782.6102294921875; 3915.05908203125; 2762.11962890625; 3692.577392578125; 4925.4189453125; 4399.99951171875
114932; 5527.37353515625; 1622.1474609375; 1701.0303955078125; 1324.5758056640625; 2567.674072265625; 3367.274169921875; 2164.01806640625; 3262.5244140625; 4387.81689453125; 3740.7548828125
122520; 5224.71337890625; 1412.8472900390625; 1640.322998046875; 520.7089233398438; 2716.906494140625; 2935.85791015625; 1852.936767578125; 2907.754150390625; 4044.701171875; 3366.827880859375
126218; 8725.1552734375; 2989.316650390625; 4855.45947265625; 4175.2294921875; 2784.91455078125; 6490.43798828125; 4228.9326171875; 6491.72314453125; 7594.279296875; 6735.57958984375
2511; 4638.43017578125; 1977.3076171875; 1427.73291015625; 758.5394897460938; 3091.6435546875; 2329.96630859375; 2103.68115234375; 2229.4736328125; 3428.65625; 2980.80712890625
27551; 8211.5263671875; 2371.331787109375; 4423.88525390625; 3653.965576171875; 2307.46533203125; 5858.82080078125; 3548.695068359375; 5884.15478515625; 7023.20068359375; 6187.84130859375
32864; 5498.13232421875; 2856.780029296875; 3163.72119140625; 2805.32666015625; 2926.748046875; 3890.252197265625; 4092.63818359375; 3264.43896484375; 4494.50634765625; 4605.8701171875
35699; 3728.51806640625; 3552.129150390625; 2493.142578125; 2556.66943359375; 4299.14404296875; 2325.6923828125; 3645.97265625; 1628.5838623046875; 2726.609619140625; 3132.3935546875
39015; 2740.165771484375; 3895.91943359375; 1516.2205810546875; 2218.589599609375; 5249.17626953125; 897.767333984375; 2432.046875; 1353.64794921875; 1677.6544189453125; 695.8278198242188
================================================
D:\Ufca\CC0051_AM\training_results\v4\250.pth; 10000; 111280; 114932; 122520; 126218; 2511; 27551; 32864; 35699; 39015
10000; 607.1181030273438; 6281.208984375; 4225.2626953125; 4706.81640625; 7919.52783203125; 2237.16845703125; 5596.1083984375; 2661.2099609375; 918.9862060546875; 1821.7491455078125
111280; 6557.212890625; 413.61883544921875; 2161.739013671875; 1526.0494384765625; 2050.038818359375; 3914.290771484375; 1784.8992919921875; 3373.1865234375; 5138.30615234375; 4605.93896484375
114932; 6251.8388671875; 1124.36474609375; 1571.55810546875; 1241.371826171875; 2531.6298828125; 3593.25; 1394.0784912109375; 3133.14892578125; 4829.63916015625; 4231.1953125
122520; 6014.5703125; 1040.6385498046875; 1478.876708984375; 759.4302368164062; 2685.397705078125; 3300.7958984375; 1224.5882568359375; 2873.1533203125; 4577.96337890625; 3958.0634765625
126218; 10078.8583984375; 3459.30419921875; 5380.53515625; 4879.07568359375; 2397.830322265625; 7376.27734375; 4173.3837890625; 6963.12060546875; 8651.9169921875; 7967.4716796875
2511; 5202.18359375; 1768.37158203125; 967.0103759765625; 501.0433349609375; 3383.158447265625; 2490.853759765625; 1623.7137451171875; 2026.6766357421875; 3756.979736328125; 3233.077392578125
27551; 9370.9443359375; 2707.194580078125; 4708.71533203125; 4176.48779296875; 1788.5238037109375; 6636.54541015625; 3416.912109375; 6216.37646484375; 7930.74755859375; 7254.46533203125
32864; 6106.86181640625; 1967.2010498046875; 2379.07958984375; 2051.860595703125; 2754.11767578125; 3733.1279296875; 2759.15087890625; 2999.5341796875; 4747.20263671875; 4504.67919921875
35699; 4118.05322265625; 3174.15576171875; 1845.579345703125; 1989.966064453125; 4574.41845703125; 1910.76611328125; 3040.867919921875; 1176.7022705078125; 2762.196044921875; 2701.412353515625
39015; 2900.3232421875; 4091.3740234375; 1977.321044921875; 2463.048583984375; 5798.541015625; 554.294189453125; 3274.9228515625; 1049.48193359375; 1532.1905517578125; 773.5557250976562
================================================
D:\Ufca\CC0051_AM\training_results\v4\260.pth; 10000; 111280; 114932; 122520; 126218; 2511; 27551; 32864; 35699; 39015
10000; 610.400634765625; 5154.5859375; 3328.771484375; 3875.968505859375; 5651.96484375; 1933.95458984375; 4508.79345703125; 1757.0029296875; 881.5593872070312; 1877.7574462890625
111280; 5346.27783203125; 461.08184814453125; 1864.4559326171875; 1163.326904296875; 1073.94677734375; 3005.625; 1609.5025634765625; 3077.45654296875; 3967.77978515625; 3330.599365234375
114932; 4904.669921875; 1251.987548828125; 1146.30078125; 863.6419677734375; 1683.3685302734375; 2582.236083984375; 1280.636474609375; 2713.693603515625; 3533.906494140625; 2826.81640625
122520; 4886.3837890625; 1001.227783203125; 1277.8416748046875; 471.1591796875; 1606.1453857421875; 2480.24853515625; 1130.4796142578125; 2646.92529296875; 3502.181396484375; 2756.128662109375
126218; 7851.7763671875; 2439.415283203125; 4059.18408203125; 3519.8486328125; 2277.687744140625; 5479.927734375; 3091.499267578125; 5659.7373046875; 6486.28173828125; 5662.54345703125
2511; 4112.705078125; 1711.843505859375; 850.1826171875; 539.6539306640625; 2213.3779296875; 1705.8372802734375; 1542.7779541015625; 1842.1502685546875; 2707.9765625; 2113.21240234375
27551; 7374.10546875; 1906.6075439453125; 3646.475341796875; 3030.7763671875; 1832.75830078125; 4950.779296875; 2521.15283203125; 5138.970703125; 5992.51806640625; 5160.7314453125
32864; 4464.75146484375; 2287.567626953125; 1964.0787353515625; 1857.949951171875; 2271.291015625; 2572.951416015625; 2736.086181640625; 2338.296630859375; 3157.718017578125; 3059.924072265625
35699; 3513.716552734375; 2800.834228515625; 1746.3778076171875; 1914.40087890625; 3033.148193359375; 1746.770751953125; 2811.12158203125; 1449.34765625; 2201.96240234375; 2297.58935546875
39015; 2797.438720703125; 3059.349609375; 1210.6717529296875; 1738.853271484375; 3648.337646484375; 666.5779418945312; 2290.495361328125; 983.8306884765625; 1520.1678466796875; 599.9501342773438
================================================
D:\Ufca\CC0051_AM\training_results\v4\270.pth; 10000; 111280; 114932; 122520; 126218; 2511; 27551; 32864; 35699; 39015
10000; 497.5557556152344; 3791.292724609375; 2385.291748046875; 2900.0146484375; 4160.623046875; 1485.390380859375; 3710.046142578125; 1001.3292846679688; 598.7054443359375; 1581.6524658203125
111280; 3898.80712890625; 409.035888671875; 1366.7269287109375; 749.8723754882812; 862.3818969726562; 2055.585205078125; 1153.4500732421875; 2475.064208984375; 2903.914306640625; 2133.535888671875
114932; 3519.12353515625; 1046.5296630859375; 764.4676513671875; 577.3831176757812; 1371.929931640625; 1701.7357177734375; 1103.738037109375; 2155.6396484375; 2527.6865234375; 1703.8421630859375
122520; 3605.72119140625; 775.9486694335938; 971.847900390625; 256.08355712890625; 1228.86083984375; 1714.5423583984375; 964.281005859375; 2205.311767578125; 2609.87060546875; 1745.1766357421875
126218; 6043.8994140625; 1999.0782470703125; 3270.3251953125; 2755.970458984375; 1846.2310791015625; 4179.71923828125; 2085.399658203125; 4670.00927734375; 5056.16650390625; 4135.2490234375
2511; 2984.75; 1349.8961181640625; 634.7340698242188; 500.0381774902344; 1717.8912353515625; 1092.5721435546875; 1475.159423828125; 1558.983642578125; 1971.76904296875; 1250.49658203125
27551; 5861.9228515625; 1750.4476318359375; 3130.35791015625; 2562.17578125; 1640.775390625; 3962.652099609375; 1836.6181640625; 4461.6806640625; 4865.45947265625; 3945.238037109375
32864; 2837.394775390625; 2098.6650390625; 1453.4903564453125; 1584.03662109375; 2162.214599609375; 1545.19091796875; 2448.553466796875; 1535.403076171875; 1909.685791015625; 1831.6728515625
35699; 2347.397705078125; 2354.4990234375; 1409.261962890625; 1679.1993408203125; 2535.56640625; 1162.21875; 2570.04541015625; 1058.084716796875; 1410.47216796875; 1506.3770751953125
39015; 2196.615234375; 2159.985107421875; 742.7662353515625; 1231.7147216796875; 2598.825439453125; 495.52313232421875; 1991.075439453125; 968.3569946289062; 1267.3692626953125; 302.1328125
================================================
D:\Ufca\CC0051_AM\training_results\v4\280.pth; 10000; 111280; 114932; 122520; 126218; 2511; 27551; 32864; 35699; 39015
10000; 476.5855407714844; 3778.852783203125; 2381.4404296875; 2910.855712890625; 4195.5322265625; 1510.9996337890625; 3778.346435546875; 950.7181396484375; 596.3899536132812; 1644.5107421875
111280; 3845.855224609375; 425.7240295410156; 1413.516845703125; 761.3358154296875; 932.354736328125; 2027.1942138671875; 1285.806396484375; 2512.986328125; 2898.969970703125; 2093.024169921875
114932; 3501.885986328125; 1101.6798095703125; 796.2700805664062; 633.2866821289062; 1440.9364013671875; 1714.45361328125; 1187.6055908203125; 2239.158935546875; 2557.673828125; 1682.4208984375
122520; 3578.8388671875; 788.3118286132812; 1015.0222778320312; 251.21018981933594; 1288.97119140625; 1701.0006103515625; 1051.492919921875; 2272.247802734375; 2627.4248046875; 1709.47119140625
126218; 5988.0458984375; 2032.7283935546875; 3262.01171875; 2735.54541015625; 1876.0537109375; 4147.7412109375; 2042.3555908203125; 4715.8154296875; 5050.13671875; 4059.5537109375
2511; 2981.17431640625; 1334.0235595703125; 710.4677124023438; 514.8560180664062; 1739.69970703125; 1099.0921630859375; 1568.4599609375; 1642.47021484375; 2007.5230712890625; 1265.22998046875
27551; 5952.56298828125; 1910.8101806640625; 3272.43359375; 2678.46435546875; 1780.63037109375; 4067.683837890625; 1914.4080810546875; 4648.2431640625; 5002.15625; 4013.160888671875
32864; 2726.056640625; 2278.6044921875; 1600.682373046875; 1767.812744140625; 2350.063720703125; 1586.5325927734375; 2720.904052734375; 1534.8582763671875; 1866.4937744140625; 1904.4832763671875
35699; 2240.465087890625; 2512.386474609375; 1572.5977783203125; 1859.9071044921875; 2707.642822265625; 1237.2637939453125; 2835.443359375; 1062.6685791015625; 1372.790771484375; 1620.382080078125
39015; 2196.095458984375; 2139.833251953125; 722.90673828125; 1224.40283203125; 2632.804931640625; 544.6748046875; 2028.2628173828125; 1070.0780029296875; 1319.3853759765625; 288.8565673828125
================================================
D:\Ufca\CC0051_AM\training_results\v4\290.pth; 10000; 111280; 114932; 122520; 126218; 2511; 27551; 32864; 35699; 39015
10000; 340.43585205078125; 2576.55224609375; 1607.85009765625; 1965.186279296875; 2879.378662109375; 1057.88916015625; 2529.963623046875; 596.3773803710938; 411.1739196777344; 1118.9130859375
111280; 2634.808837890625; 308.09722900390625; 1181.5384521484375; 668.1075439453125; 714.6262817382812; 1461.4293212890625; 1136.1968994140625; 1820.244384765625; 2036.9151611328125; 1625.898193359375
114932; 2344.045654296875; 938.8159790039062; 583.3922119140625; 555.382568359375; 1175.942626953125; 1199.3568115234375; 953.396240234375; 1609.6038818359375; 1750.3001708984375; 1238.7806396484375
122520; 2383.1982421875; 657.032958984375; 784.559326171875; 152.2861328125; 1055.55810546875; 1134.5791015625; 872.3303833007812; 1603.276611328125; 1782.9398193359375; 1237.6962890625
126218; 4054.950927734375; 1502.17822265625; 2271.178466796875; 1913.0985107421875; 1482.7530517578125; 2846.13720703125; 1545.546142578125; 3309.408203125; 3467.825927734375; 2842.06982421875
2511; 2015.166015625; 978.5621337890625; 649.04345703125; 404.53363037109375; 1278.324462890625; 749.317626953125; 1158.4722900390625; 1197.9852294921875; 1387.5631103515625; 1008.6033325195312
27551; 4023.74755859375; 1368.91650390625; 2305.9248046875; 1863.5953369140625; 1360.78125; 2756.86279296875; 1410.9237060546875; 3236.02685546875; 3418.018310546875; 2802.177978515625
32864; 2014.706298828125; 1710.7412109375; 1419.95751953125; 1460.84765625; 1633.55712890625; 1413.388671875; 2134.24658203125; 1290.5863037109375; 1492.7274169921875; 1707.8519287109375
35699; 1692.6483154296875; 1775.163818359375; 1314.1455078125; 1418.156005859375; 1823.4866943359375; 1136.07421875; 2094.585693359375; 961.4744262695312; 1151.255859375; 1473.2076416015625
39015; 1437.3525390625; 1585.6910400390625; 559.712646484375; 908.9700317382812; 1960.81884765625; 455.6831970214844; 1398.316162109375; 839.9661254882812; 919.815185546875; 237.46640014648438
================================================
D:\Ufca\CC0051_AM\training_results\v4\300.pth; 10000; 111280; 114932; 122520; 126218; 2511; 27551; 32864; 35699; 39015
10000; 305.05133056640625; 3293.176025390625; 1938.13671875; 2428.86767578125; 3735.8955078125; 1339.7005615234375; 3174.98828125; 731.2744750976562; 529.4791259765625; 1301.55078125
111280; 3266.03955078125; 332.3647766113281; 1280.2508544921875; 716.4085693359375; 839.630859375; 1743.638427734375; 890.8652954101562; 2305.10302734375; 2515.49169921875; 1882.2919921875
114932; 2841.88671875; 949.2379150390625; 701.7833251953125; 471.4481201171875; 1330.1119384765625; 1346.2978515625; 907.88818359375; 1915.7774658203125; 2093.5810546875; 1414.808349609375
122520; 2862.1982421875; 788.3698120117188; 817.6864624023438; 175.25694274902344; 1262.832275390625; 1303.62158203125; 833.4502563476562; 1913.2689208984375; 2109.263671875; 1412.2078857421875
126218; 5145.89794921875; 1734.3736572265625; 2996.20947265625; 2503.6015625; 1481.710693359375; 3608.63720703125; 1872.1412353515625; 4214.771484375; 4400.1572265625; 3663.688720703125
2511; 2473.275390625; 1157.490478515625; 586.59130859375; 347.7008972167969; 1588.68505859375; 900.8745727539062; 1182.525634765625; 1503.898193359375; 1705.969970703125; 1095.85009765625
27551; 5089.51953125; 1632.694580078125; 2970.853759765625; 2439.360107421875; 1365.9903564453125; 3519.23779296875; 1746.72705078125; 4134.6259765625; 4332.095703125; 3604.360107421875
32864; 2164.496337890625; 1789.29541015625; 1050.2491455078125; 1196.927001953125; 2043.066162109375; 1083.394775390625; 1976.1185302734375; 1254.304931640625; 1470.840576171875; 1308.1683349609375
35699; 1788.645751953125; 2031.5623779296875; 1042.137451171875; 1324.971923828125; 2365.165283203125; 815.665771484375; 2122.932373046875; 878.429931640625; 1083.44482421875; 1069.664794921875
39015; 1690.8763427734375; 1948.9468994140625; 576.32861328125; 1053.4732666015625; 2419.17529296875; 366.8322448730469; 1766.6505126953125; 838.89306640625; 978.26513671875; 216.512451171875
================================================
